<?xml version="1.0" encoding="UTF-8"?>
<project-private xmlns="http://www.netbeans.org/ns/project-private/1">
    <editor-bookmarks xmlns="http://www.netbeans.org/ns/editor-bookmarks/2" lastBookmarkId="0"/>
    <open-files xmlns="http://www.netbeans.org/ns/projectui-open-files/2">
        <group>
            <file>file:/C:/Users/srhad/OneDrive/Documentos/NetBeansProjects/repositorio/JesusGonzalez-ADSO-2694679/CajeroAutomatico/src/View/View.java</file>
            <file>file:/C:/Users/srhad/OneDrive/Documentos/NetBeansProjects/repositorio/JesusGonzalez-ADSO-2694679/CajeroAutomatico/src/Entity/Cliente.java</file>
            <file>file:/C:/Users/srhad/OneDrive/Documentos/NetBeansProjects/repositorio/JesusGonzalez-ADSO-2694679/CajeroAutomatico/src/Entity/Banco.java</file>
            <file>file:/C:/Users/srhad/OneDrive/Documentos/NetBeansProjects/repositorio/JesusGonzalez-ADSO-2694679/CajeroAutomatico/src/Utils/FunctionString.java</file>
            <file>file:/C:/Users/srhad/OneDrive/Documentos/NetBeansProjects/repositorio/JesusGonzalez-ADSO-2694679/CajeroAutomatico/src/Entity/Metodos.java</file>
            <file>file:/C:/Users/srhad/OneDrive/Documentos/NetBeansProjects/repositorio/JesusGonzalez-ADSO-2694679/CajeroAutomatico/src/Utils/FunctionNumeric.java</file>
            <file>file:/C:/Users/srhad/OneDrive/Documentos/NetBeansProjects/repositorio/JesusGonzalez-ADSO-2694679/CajeroAutomatico/src/Entity/Historial.java</file>
        </group>
    </open-files>
</project-private>
