<?xml version="1.0" encoding="UTF-8"?>
<project-private xmlns="http://www.netbeans.org/ns/project-private/1">
    <editor-bookmarks xmlns="http://www.netbeans.org/ns/editor-bookmarks/2" lastBookmarkId="0"/>
    <open-files xmlns="http://www.netbeans.org/ns/projectui-open-files/2">
        <group>
            <file>file:/C:/Users/supap/OneDrive/Documentos/NetBeansProjects/Premi/src/Class/Ej1.java</file>
            <file>file:/C:/Users/supap/OneDrive/Documentos/NetBeansProjects/Premi/src/Class/Ej4.java</file>
            <file>file:/C:/Users/supap/OneDrive/Documentos/NetBeansProjects/Premi/src/Class/Ej7.java</file>
            <file>file:/C:/Users/supap/OneDrive/Documentos/NetBeansProjects/Premi/src/View/Ejecutar.java</file>
            <file>file:/C:/Users/supap/OneDrive/Documentos/NetBeansProjects/Premi/src/Class/Padre.java</file>
            <file>file:/C:/Users/supap/OneDrive/Documentos/NetBeansProjects/Premi/src/Class/Ej2.java</file>
            <file>file:/C:/Users/supap/OneDrive/Documentos/NetBeansProjects/Premi/src/Class/Ej8.java</file>
            <file>file:/C:/Users/supap/OneDrive/Documentos/NetBeansProjects/Premi/src/Class/Ej5.java</file>
            <file>file:/C:/Users/supap/OneDrive/Documentos/NetBeansProjects/Premi/src/Interface/Interface.java</file>
            <file>file:/C:/Users/supap/OneDrive/Documentos/NetBeansProjects/Premi/src/Class/Ej6.java</file>
            <file>file:/C:/Users/supap/OneDrive/Documentos/NetBeansProjects/Premi/src/Class/Ej10.java</file>
            <file>file:/C:/Users/supap/OneDrive/Documentos/NetBeansProjects/Premi/src/Class/Ej3.java</file>
            <file>file:/C:/Users/supap/OneDrive/Documentos/NetBeansProjects/Premi/src/Class/Ej9.java</file>
        </group>
    </open-files>
</project-private>
